Company name,ASX code,GICS industry group
1300 SMILES LIMITED,ONT,Health Care Equipment & Services
1414 DEGREES LIMITED,14D,Capital Goods
1ST GROUP LIMITED,1ST,Health Care Equipment & Services
360 CAPITAL GROUP,TGP,Real Estate
360 CAPITAL TOTAL RETURN FUND,TOT,Not Applic
3D OIL LIMITED,TDO,Energy
3P LEARNING LIMITED..,3PL,Consumer Services
4DS MEMORY LIMITED,4DS,Semiconductors & Semiconductor Equipment
5G NETWORKS LIMITED,5GN,Telecommunication Services
88 ENERGY LIMITED,88E,Energy
8COMMON LIMITED,8CO,Software & Services
8I HOLDINGS LTD,8IH,Diversified Financials
8IP EMERGING COMPANIES LIMITED,8EC,Not Applic
9 SPOKES INTERNATIONAL LIMITED,9SP,Software & Services
99 WUXIAN LIMITED,NNW,Retailing
A-CAP ENERGY LIMITED,ACB,Energy
A2B AUSTRALIA LIMITED,A2B,Transportation
ABACUS PROPERTY GROUP,ABP,Real Estate
ABSOLUTE EQUITY PERFORMANCE FUND LIMITED,AEG,Not Applic
ABUNDANT PRODUCE LIMITED,ABT,"Food, Beverage & Tobacco"
ACCENT GROUP LIMITED,AX1,Retailing
ACORN CAPITAL INVESTMENT FUND LIMITED,ACQ,Not Applic
ACROW FORMWORK AND CONSTRUCTION SERVICES LIMITED,ACF,Capital Goods
ACRUX LIMITED,ACR,"Pharmaceuticals, Biotechnology & Life Sciences"
ACTINOGEN MEDICAL LIMITED,ACW,"Pharmaceuticals, Biotechnology & Life Sciences"
ADACEL TECHNOLOGIES LIMITED,ADA,Software & Services
ADAIRS LIMITED,ADH,Retailing
ADALTA LIMITED,1AD,"Pharmaceuticals, Biotechnology & Life Sciences"
ADAVALE RESOURCES LIMITED,ADD,Energy
ADELAIDE BRIGHTON LIMITED,ABC,Materials
ADHERIUM LIMITED,ADR,Health Care Equipment & Services
ADMIRALTY RESOURCES NL.,ADY,Materials
ADRIATIC METALS PLC,ADT,Materials
ADSLOT LTD,ADJ,Software & Services
ADVANCE NANOTEK LIMITED,ANO,Materials
ADVANCED BRAKING TECHNOLOGY LTD,ABV,Automobiles & Components
ADVERITAS LIMITED,AV1,Media & Entertainment
ADX ENERGY LTD,ADX,Energy
AEON METALS LIMITED.,AML,Materials
AERIS RESOURCES LIMITED,AIS,Materials
AFRICAN GOLD LTD.,A1G,Materials
AFTERPAY TOUCH GROUP LIMITED,APT,Software & Services
AGL ENERGY LIMITED.,AGL,Utilities
AGUIA RESOURCES LIMITED,AGR,Materials
AINSWORTH GAME TECHNOLOGY LIMITED,AGI,Consumer Services
AIR NEW ZEALAND LIMITED,AIZ,Transportation
AJ LUCAS GROUP LIMITED,AJL,Capital Goods
ALACER GOLD CORP.,AQG,Materials
ALARA RESOURCES LIMITED,AUQ,Materials
ALCHEMY RESOURCES LIMITED,ALY,Materials
ALCIDION GROUP LIMITED,ALC,Health Care Equipment & Services
ALDERAN RESOURCES LIMITED,AL8,Materials
ALDORO RESOURCES LIMITED,ARN,Materials
ALE PROPERTY GROUP,LEP,Real Estate
ALEXIUM INTERNATIONAL GROUP LIMITED,AJX,Materials
ALICANTO MINERALS LIMITED,AQI,Materials
ALKANE RESOURCES LIMITED,ALK,Materials
ALLEGIANCE COAL LIMITED,AHQ,Materials
ALLIANCE AVIATION SERVICES LIMITED,AQZ,Transportation
ALLIANCE MINERAL ASSETS LIMITED,A40,Materials
ALLIANCE RESOURCES LIMITED,AGS,Materials
ALLIGATOR ENERGY LIMITED,AGE,Energy
ALPHA HPA LIMITED,A4N,Materials
ALS LIMITED,ALQ,Commercial & Professional Services
ALTA ZINC LIMITED,AZI,Materials
ALTECH CHEMICALS LTD,ATC,Materials
ALTHEA GROUP HOLDINGS LIMITED,AGH,"Pharmaceuticals, Biotechnology & Life Sciences"
ALTIUM LIMITED,ALU,Software & Services
ALTURA MINING LIMITED,AJM,Materials
ALUMINA LIMITED,AWC,Materials
AMA GROUP LIMITED,AMA,Commercial & Professional Services
AMAYSIM AUSTRALIA LIMITED,AYS,Telecommunication Services
AMCIL LIMITED,AMH,Not Applic
AMCOR PLC,AMC,Materials
AMERICAN PACIFIC BORATE & LITHIUM LIMITED,ABR,Materials
AMP LIMITED,AMP,Diversified Financials
AMPLIA THERAPEUTICS LIMITED,ATX,"Pharmaceuticals, Biotechnology & Life Sciences"
ANATARA LIFESCIENCES LTD,ANR,"Pharmaceuticals, Biotechnology & Life Sciences"
ANDROMEDA METALS LIMITED,ADN,Materials
ANGEL SEAFOOD HOLDINGS LTD,AS1,"Food, Beverage & Tobacco"
ANGLO AUSTRALIAN RESOURCES NL,AAR,Materials
ANGLOGOLD ASHANTI LIMITED,AGG,Materials
ANOVA METALS LIMITED,AWV,Materials
ANSELL LIMITED,ANN,Health Care Equipment & Services
ANSON RESOURCES LIMITED,ASN,Materials
ANTEO DIAGNOSTICS LIMITED,ADO,"Pharmaceuticals, Biotechnology & Life Sciences"
ANTIPA MINERALS LIMITED,AZY,Materials
ANTIPODES GLOBAL INVESTMENT COMPANY LTD,APL,Not Applic
ANTISENSE THERAPEUTICS LIMITED,ANP,"Pharmaceuticals, Biotechnology & Life Sciences"
AP EAGERS LIMITED,APE,Retailing
APA GROUP,APA,Utilities
APIAM ANIMAL HEALTH LIMITED,AHX,Health Care Equipment & Services
APN CONVENIENCE RETAIL REIT,AQR,Real Estate
APN INDUSTRIA REIT,ADI,Real Estate
APN PROPERTY GROUP LIMITED,APD,Diversified Financials
APOLLO CONSOLIDATED LIMITED,AOP,Materials
APOLLO MINERALS LIMITED,AON,Materials
APOLLO TOURISM & LEISURE LTD,ATL,Automobiles & Components
APPEN LIMITED,APX,Software & Services
APPLYDIRECT LIMITED,AD1,Media & Entertainment
ARAFURA RESOURCES LIMITED,ARU,Materials
ARB CORPORATION LIMITED.,ARB,Automobiles & Components
ARC EXPLORATION LIMITED,ARX,Materials
ARCHER EXPLORATION LIMITED,AXE,Materials
ARDEA RESOURCES LIMITED,ARL,Materials
ARDENT LEISURE GROUP LIMITED,ALG,Consumer Services
ARDIDEN LTD,ADV,Materials
ARENA REIT.,ARF,Real Estate
ARGENT MINERALS LIMITED,ARD,Materials
ARGO GLOBAL LISTED INFRASTRUCTURE LIMITED,ALI,Not Applic
ARGO INVESTMENTS LIMITED,ARG,Not Applic
ARGONAUT RESOURCES NL,ARE,Materials
ARGOSY MINERALS LIMITED,AGY,Materials
ARIADNE AUSTRALIA LIMITED,ARA,Commercial & Professional Services
ARISTOCRAT LEISURE LIMITED,ALL,Consumer Services
ARMOUR ENERGY LIMITED,AJQ,Energy
AROWANA INTERNATIONAL LIMITED,AWN,Capital Goods
ARQ GROUP LIMITED,ARQ,Software & Services
ARTEMIS RESOURCES LIMITED,ARV,Materials
ARUMA RESOURCES LIMITED,AAJ,Materials
ASALEO CARE LIMITED,AHY,Household & Personal Products
ASF GROUP LIMITED,AFA,Diversified Financials
ASHLEY SERVICES GROUP LIMITED,ASH,Commercial & Professional Services
ASPEN GROUP,APZ,Real Estate
ASPERMONT LIMITED.,ASP,Media & Entertainment
ASPIRE MINING LIMITED,AKM,Materials
ASSETOWL LIMITED,AO1,Software & Services
ASTIVITA LIMITED,AIR,Capital Goods
ASTRON CORPORATION LIMITED,ATR,Materials
ASX LIMITED,ASX,Diversified Financials
ATHENA RESOURCES LIMITED,AHN,Materials
ATLAS ARTERIA,ALX,Transportation
ATLAS PEARLS LTD,ATP,Consumer Durables & Apparel
ATOMOS LIMITED,AMS,Consumer Durables & Apparel
ATRUM COAL LIMITED,ATU,Materials
AUB GROUP LIMITED,AUB,Insurance
AUCKLAND INTERNATIONAL AIRPORT LIMITED,AIA,Transportation
AUCTUS ALTERNATIVE INVESTMENTS LIMITED,AVC,Diversified Financials
AUDINATE GROUP LIMITED,AD8,Technology Hardware & Equipment
AUDIO PIXELS HOLDINGS LIMITED,AKP,Consumer Durables & Apparel
AUKING MINING LIMITED,AKN,Materials
AUMAKE INTERNATIONAL LIMITED,AU8,Retailing
AURA ENERGY LIMITED,AEE,Energy
AURELIA METALS LIMITED,AMI,Materials
AURIS MINERALS LIMITED,AUR,Materials
AURIZON HOLDINGS LIMITED,AZJ,Transportation
AURORA GLOBAL INCOME TRUST,AIB,Not Applic
AURORA LABS LIMITED,A3D,Capital Goods
AURORA MINERALS LIMITED,ARM,Materials
AUS TIN MINING LTD,ANW,Materials
AUSCANN GROUP HOLDINGS LTD,AC8,"Pharmaceuticals, Biotechnology & Life Sciences"
AUSDRILL LIMITED,ASL,Materials
AUSGOLD LIMITED,AUC,Materials
AUSMEX MINING GROUP LIMITED,AMG,Materials
AUSMON RESOURCES LIMITED,AOA,Materials
AUSNET SERVICES LIMITED,AST,Utilities
AUSQUEST LIMITED,AQD,Materials
AUSTAL LIMITED,ASB,Capital Goods
AUSTAR GOLD LIMITED,AUL,Materials
AUSTCHINA HOLDINGS LIMITED,AUH,Energy
AUSTIN ENGINEERING LIMITED,ANG,Capital Goods
AUSTRALIA AND NEW ZEALAND BANKING GROUP LIMITED,ANZ,Banks
AUSTRALIAN AGRICULTURAL COMPANY LIMITED.,AAC,"Food, Beverage & Tobacco"
AUSTRALIAN BAUXITE LIMITED.,ABX,Materials
AUSTRALIAN DAIRY NUTRITIONALS GROUP,AHF,"Food, Beverage & Tobacco"
AUSTRALIAN ETHICAL INVESTMENT LIMITED,AEF,Diversified Financials
AUSTRALIAN FINANCE GROUP LTD,AFG,Banks
AUSTRALIAN FOUNDATION INVESTMENT COMPANY LIMITED,AFI,Not Applic
AUSTRALIAN GOVERNANCE & ETHICAL INDEX FUND,AGM,Not Applic
AUSTRALIAN LEADERS FUND LIMITED,ALF,Not Applic
AUSTRALIAN MINES LIMITED,AUZ,Materials
AUSTRALIAN PACIFIC COAL LIMITED,AQC,Materials
AUSTRALIAN PHARMACEUTICAL INDUSTRIES LIMITED,API,Health Care Equipment & Services
AUSTRALIAN POTASH LIMITED,APC,Materials
AUSTRALIAN UNITED INVESTMENT COMPANY LIMITED,AUI,Not Applic
AUSTRALIAN UNITY OFFICE FUND,AOF,Real Estate
AUSTRALIAN VANADIUM LIMITED,AVL,Materials
AUSTRALIAN VINTAGE LTD,AVG,"Food, Beverage & Tobacco"
AUSTRALIS OIL & GAS LIMITED,ATS,Energy
AUSWIDE BANK LTD,ABA,Banks
AUTECO MINERALS LTD,AUT,Materials
AUTOMOTIVE HOLDINGS GROUP LIMITED.,AHG,Retailing
AUTOSPORTS GROUP LIMITED.,ASG,Retailing
AVA RISK GROUP LIMITED,AVA,Technology Hardware & Equipment
AVECHO BIOTECHNOLOGY LIMITED,AVE,"Pharmaceuticals, Biotechnology & Life Sciences"
AVENIRA LIMITED,AEV,Materials
AVENTUS GROUP,AVN,Real Estate
AVEO GROUP,AOG,Real Estate
AVITA MEDICAL LTD,AVH,"Pharmaceuticals, Biotechnology & Life Sciences"
AVJENNINGS LIMITED,AVJ,Real Estate
AVZ MINERALS LIMITED,AVZ,Materials
AXIOM PROPERTIES LIMITED,AXI,Real Estate
AZUMAH RESOURCES LIMITED,AZM,Materials
AZURE HEALTHCARE LIMITED,AZV,Health Care Equipment & Services
AZURE MINERALS LIMITED,AZS,Materials
BABY BUNTING GROUP LIMITED,BBN,Retailing
BABYLON PUMP & POWER LIMITED,BPP,Capital Goods
BAILADOR TECHNOLOGY INVESTMENTS LIMITED,BTI,Diversified Financials
BANK OF QUEENSLAND LIMITED.,BOQ,Banks
BANNERMAN RESOURCES LIMITED,BMN,Energy
BAPCOR LIMITED,BAP,Retailing
BARD1 LIFE SCIENCES LIMITED,BD1,Health Care Equipment & Services
BARDOC GOLD LIMITED,BDC,Materials
BARRA RESOURCES LIMITED,BAR,Materials
BARRACK ST INVESTMENTS LIMITED,BST,Not Applic
BASE RESOURCES LIMITED,BSE,Materials
BASS METALS LTD,BSM,Materials
BASSARI RESOURCES LIMITED,BSR,Materials
BATHURST RESOURCES LIMITED.,BRL,Materials
BATTERY MINERALS LIMITED,BAT,Materials
BBX MINERALS LIMITED,BBX,Materials
BCI MINERALS LIMITED,BCI,Materials
BEACH ENERGY LIMITED,BPT,Energy
BEACON LIGHTING GROUP LIMITED,BLX,Retailing
BEACON MINERALS LIMITED,BCN,Materials
BEAM COMMUNICATIONS HOLDINGS LIMITED,BCC,Technology Hardware & Equipment
BEGA CHEESE LIMITED,BGA,"Food, Beverage & Tobacco"
BELL FINANCIAL GROUP LIMITED,BFG,Diversified Financials
BELLAMY'S AUSTRALIA LIMITED,BAL,"Food, Beverage & Tobacco"
BELLEVUE GOLD LIMITED,BGL,Materials
BENDIGO AND ADELAIDE BANK LIMITED,BEN,Banks
BENITEC BIOPHARMA LIMITED,BLT,"Pharmaceuticals, Biotechnology & Life Sciences"
BENTLEY CAPITAL LIMITED,BEL,Not Applic
BESTON GLOBAL FOOD COMPANY LIMITED,BFC,"Food, Beverage & Tobacco"
BEYOND INTERNATIONAL LIMITED,BYI,Media & Entertainment
BHP GROUP LIMITED,BHP,Materials
BIDENERGY LIMITED,BID,Software & Services
BIG RIVER INDUSTRIES LIMITED,BRI,Materials
BIGTINCAN HOLDINGS LIMITED,BTH,Software & Services
BINGO INDUSTRIES LIMITED,BIN,Commercial & Professional Services
BIO-GENE TECHNOLOGY LTD,BGT,Materials
BIONOMICS LIMITED,BNO,"Pharmaceuticals, Biotechnology & Life Sciences"
BIOTRON LIMITED,BIT,"Pharmaceuticals, Biotechnology & Life Sciences"
BIOXYNE LIMITED,BXN,Household & Personal Products
BIRIMIAN LIMITED,BGS,Materials
BKI INVESTMENT COMPANY LIMITED,BKI,Not Applic
BLACK CAT SYNDICATE LIMITED,BC8,Materials
BLACK DRAGON GOLD CORP.,BDG,Materials
BLACK ROCK MINING LIMITED,BKT,Materials
BLACKEARTH MINERALS NL,BEM,Materials
BLACKHAM RESOURCES LIMITED,BLK,Materials
BLACKMORES LIMITED,BKL,Household & Personal Products
BLACKSTONE MINERALS LIMITED,BSX,Materials
BLACKWALL LIMITED,BWF,Diversified Financials
BLACKWALL PROPERTY TRUST,BWR,Real Estate
BLAZE INTERNATIONAL LIMITED,BLZ,Energy
BLUE ENERGY LIMITED.,BLU,Energy
BLUE SKY ALTERNATIVES ACCESS FUND LIMITED,BAF,Not Applic
BLUECHIIP LIMITED,BCT,Technology Hardware & Equipment
BLUESCOPE STEEL LIMITED,BSL,Materials
BLUGLASS LIMITED,BLG,Semiconductors & Semiconductor Equipment
BMG RESOURCES LIMITED,BMG,Materials
BOART LONGYEAR LIMITED,BLY,Materials
BOD AUSTRALIA LIMITED,BDA,Retailing
BOOM LOGISTICS LIMITED,BOL,Capital Goods
BORAL LIMITED.,BLD,Materials
BOSS RESOURCES LIMITED,BOE,Materials
BOTANIX PHARMACEUTICALS LTD,BOT,"Pharmaceuticals, Biotechnology & Life Sciences"
BOUGAINVILLE COPPER LIMITED,BOC,Materials
BOUNTY MINING LIMITED,B2Y,Materials
BOWEN COKING COAL LIMITED,BCB,Materials
BRAINCHIP HOLDINGS LTD,BRN,Software & Services
BRAMBLES LIMITED,BXB,Commercial & Professional Services
BRAVURA SOLUTIONS LIMITED.,BVS,Software & Services
BREAKER RESOURCES NL,BRB,Materials
BREVILLE GROUP LIMITED,BRG,Consumer Durables & Apparel
BRICKWORKS LIMITED,BKW,Materials
BROKEN HILL PROSPECTING LIMITED,BPL,Materials
BROO LTD,BEE,"Food, Beverage & Tobacco"
BROOKSIDE ENERGY LIMITED,BRK,Energy
BRYAH RESOURCES LIMITED,BYH,Materials
BSA LIMITED,BSA,Commercial & Professional Services
BTC HEALTH LTD,BTC,Not Applic
BUBS AUSTRALIA LIMITED,BUB,"Food, Beverage & Tobacco"
BUDDY TECHNOLOGIES LTD,BUD,Software & Services
BUDERIM GROUP LIMITED,BUG,"Food, Beverage & Tobacco"
"BUILDINGIQ, INC",BIQ,Software & Services
BURU ENERGY LIMITED,BRU,Energy
BUXTON RESOURCES LIMITED,BUX,Materials
BWP TRUST,BWP,Real Estate
BWX LIMITED,BWX,Household & Personal Products
BYRON ENERGY LIMITED,BYE,Energy
CADENCE CAPITAL LIMITED,CDM,Not Applic
CAENEUS MINERALS LTD,CAD,Materials
CALIDUS RESOURCES LIMITED,CAI,Materials
CALIMA ENERGY LIMITED,CE1,Energy
CALTEX AUSTRALIA LIMITED,CTX,Energy
CANN GROUP LIMITED,CAN,"Pharmaceuticals, Biotechnology & Life Sciences"
CANNINDAH RESOURCES LIMITED,CAE,Materials
CANYON RESOURCES LIMITED,CAY,Materials
CAPE LAMBERT RESOURCES LIMITED,CFE,Materials
CAPE RANGE LTD,CAG,Software & Services
CAPITOL HEALTH LIMITED,CAJ,Health Care Equipment & Services
CAPRAL LIMITED,CAA,Materials
CAPRICORN METALS LTD,CMM,Materials
CARAWINE RESOURCES LIMITED,CWX,Materials
CARBONXT GROUP LIMITED,CG1,Materials
CARDIEX LIMITED,CDX,Health Care Equipment & Services
CARDINAL RESOURCES LIMITED,CDV,Materials
CARDNO LIMITED,CDD,Capital Goods
CARINDALE PROPERTY TRUST,CDP,Real Estate
CARLTON INVESTMENTS LIMITED,CIN,Not Applic
CARNARVON PETROLEUM LIMITED,CVN,Energy
CARPENTARIA RESOURCES LTD,CAP,Materials
CARSALES.COM LIMITED.,CAR,Media & Entertainment
CASH CONVERTERS INTERNATIONAL,CCV,Retailing
CASSINI RESOURCES LIMITED,CZI,Materials
CATALYST METALS LIMITED,CYL,Materials
CATAPULT GROUP INTERNATIONAL LTD,CAT,Technology Hardware & Equipment
CAZALY RESOURCES LIMITED,CAZ,Materials
CBG CAPITAL LIMITED,CBC,Not Applic
CCP TECHNOLOGIES LIMITED,CT1,Technology Hardware & Equipment
CEDAR WOODS PROPERTIES LIMITED,CWP,Real Estate
CELAMIN HOLDINGS LIMITED,CNL,Materials
CELLMID LIMITED,CDY,"Pharmaceuticals, Biotechnology & Life Sciences"
CELLNET GROUP LIMITED,CLT,Technology Hardware & Equipment
CELSIUS RESOURCES LIMITED.,CLA,Materials
CENTAURUS METALS LIMITED,CTM,Materials
CENTRAL PETROLEUM LIMITED,CTP,Energy
CENTREPOINT ALLIANCE LIMITED,CAF,Diversified Financials
CENTREX METALS LIMITED,CXM,Materials
CENTURIA CAPITAL GROUP,CNI,Diversified Financials
CENTURIA INDUSTRIAL REIT,CIP,Real Estate
CENTURIA METROPOLITAN REIT,CMA,Real Estate
CFOAM LIMITED,CFO,Capital Goods
CHALICE GOLD MINES LIMITED,CHN,Materials
CHALLENGER LIMITED,CGF,Diversified Financials
CHAMPION IRON LIMITED,CIA,Materials
CHANGE FINANCIAL LIMITED,CCA,Software & Services
CHANT WEST HOLDINGS LIMITED,CWL,Software & Services
CHARTER HALL EDUCATION TRUST,CQE,Real Estate
CHARTER HALL GROUP,CHC,Real Estate
CHARTER HALL LONG WALE REIT,CLW,Real Estate
CHARTER HALL RETAIL REIT,CQR,Real Estate
CHASE MINING CORPORATION LIMITED,CML,Materials
CHORUS LIMITED,CNU,Telecommunication Services
CI RESOURCES LIMITED,CII,Materials
CIMIC GROUP LIMITED,CIM,Capital Goods
CIRRALTO LIMITED,CRO,Software & Services
CIRRUS NETWORKS HOLDINGS LIMITED,CNW,Software & Services
CITIGOLD CORPORATION LIMITED,CTO,Materials
CITY CHIC COLLECTIVE LIMITED,CCX,Retailing
CIVMEC LIMITED,CVL,Capital Goods
CLASS LIMITED,CL1,Software & Services
CLEAN SEAS SEAFOOD LIMITED,CSS,"Food, Beverage & Tobacco"
CLEAN TEQ HOLDINGS LIMITED,CLQ,Commercial & Professional Services
CLEANAWAY WASTE MANAGEMENT LIMITED,CWY,Commercial & Professional Services
CLEARVUE TECHNOLOGIES LIMITED,CPV,Capital Goods
CLIME CAPITAL LIMITED,CAM,Not Applic
CLINUVEL PHARMACEUTICALS LIMITED,CUV,"Pharmaceuticals, Biotechnology & Life Sciences"
CLOVER CORPORATION LIMITED,CLV,Materials
COBALT BLUE HOLDINGS LIMITED,COB,Materials
COCA-COLA AMATIL LIMITED,CCL,"Food, Beverage & Tobacco"
COCHLEAR LIMITED,COH,Health Care Equipment & Services
CODAN LIMITED,CDA,Technology Hardware & Equipment
COGSTATE LTD,CGS,Health Care Equipment & Services
COHIBA MINERALS LIMITED,CHK,Materials
COKAL LIMITED,CKA,Materials
COLES GROUP LIMITED.,COL,Food & Staples Retailing
COLLABORATE CORPORATION LIMITED,CL8,Retailing
COLLECTION HOUSE LIMITED,CLH,Diversified Financials
COLLINS FOODS LIMITED,CKF,Consumer Services
COMET RIDGE LIMITED,COI,Energy
COMMONWEALTH BANK OF AUSTRALIA.,CBA,Banks
COMMSCHOICE GROUP LIMITED,CCG,Software & Services
COMPUMEDICS LIMITED,CMP,Health Care Equipment & Services
COMPUTERSHARE LIMITED.,CPU,Software & Services
CONCENTRATED LEADERS FUND LIMITED,CLF,Not Applic
CONICO LTD,CNJ,Materials
CONNECTED IO LIMITED,CIO,Technology Hardware & Equipment
CONNEXION TELEMATICS LTD,CXZ,Software & Services
CONSOLIDATED OPERATIONS GROUP LIMITED,COG,Diversified Financials
CONSOLIDATED ZINC LIMITED,CZL,Materials
CONTACT ENERGY LIMITED,CEN,Utilities
CONTANGO INCOME GENERATOR  LIMITED,CIE,Not Applic
CONTRARIAN VALUE FUND LIMITED,CVF,Not Applic
COOPER ENERGY LIMITED,COE,Energy
COPPER MOUNTAIN MINING CORPORATION,C6C,Materials
COPPER STRIKE LIMITED,CSE,Materials
COPPERMOLY LIMITED,COY,Materials
CORAZON MINING LIMITED,CZN,Materials
CORDISH DIXON PRIVATE EQUITY FUND I,CD1,Not Applic
CORDISH DIXON PRIVATE EQUITY FUND II,CD2,Not Applic
CORDISH DIXON PRIVATE EQUITY FUND III,CD3,Not Applic
CORONADO GLOBAL RESOURCES INC.,CRN,Materials
CORPORATE TRAVEL MANAGEMENT LIMITED,CTD,Consumer Services
CORUM GROUP LIMITED,COO,Software & Services
COSTA GROUP HOLDINGS LIMITED,CGC,"Food, Beverage & Tobacco"
COUGAR METALS NL,CGM,Materials
COUNTPLUS LIMITED,CUP,Commercial & Professional Services
COVENTRY GROUP LIMITED,CYG,Capital Goods
COZIRON RESOURCES LIMITED,CZR,Materials
CPT GLOBAL LIMITED,CGO,Software & Services
CREDIBLE LABS INC.,CRD,Diversified Financials
CREDIT CORP GROUP LIMITED,CCP,Diversified Financials
CREDIT INTELLIGENCE LTD,CI1,Commercial & Professional Services
CRESO PHARMA LIMITED,CPH,"Pharmaceuticals, Biotechnology & Life Sciences"
CROMWELL PROPERTY GROUP,CMW,Real Estate
CROPLOGIC LIMITED,CLI,Commercial & Professional Services
CROSSLAND STRATEGIC METALS LTD,CUX,Materials
CROWD MEDIA HOLDINGS LIMITED,CM8,Media & Entertainment
CROWN RESORTS LIMITED,CWN,Consumer Services
CRYOSITE LIMITED,CTE,"Pharmaceuticals, Biotechnology & Life Sciences"
CSG LIMITED,CSV,Software & Services
CSL LIMITED,CSL,"Pharmaceuticals, Biotechnology & Life Sciences"
CSR LIMITED,CSR,Materials
CV CHECK LTD,CV1,Software & Services
CYBG PLC,CYB,Banks
CYCLOPHARM LIMITED,CYC,Health Care Equipment & Services
CYGNUS GOLD LIMITED,CY5,Materials
CYNATA THERAPEUTICS LIMITED,CYP,"Pharmaceuticals, Biotechnology & Life Sciences"
DANAKALI LIMITED,DNK,Materials
DARK HORSE RESOURCES LIMITED,DHR,Materials
DART MINING NL,DTM,Materials
DATA#3 LIMITED,DTL,Software & Services
DATADOT TECHNOLOGY LIMITED,DDT,Automobiles & Components
DAVENPORT RESOURCES LIMITED,DAV,Materials
DE GREY MINING LIMITED,DEG,Materials
DE.MEM LIMITED,DEM,Utilities
DECMIL GROUP LIMITED,DCG,Capital Goods
DELECTA LIMITED,DLC,Retailing
DESANE GROUP HOLDINGS LIMITED,DGH,Real Estate
DEVEX RESOURCES LIMITED,DEV,Energy
DEVINE LIMITED,DVN,Real Estate
DEXUS,DXS,Real Estate
DGR GLOBAL LIMITED,DGR,Materials
DIATREME RESOURCES LIMITED,DRX,Materials
DICKER DATA LIMITED,DDR,Technology Hardware & Equipment
DIGITAL WINE VENTURES LIMITED,DW8,Retailing
DIGITALX LIMITED,DCC,Software & Services
DIMERIX LIMITED,DXB,"Pharmaceuticals, Biotechnology & Life Sciences"
DIVERSIFIED UNITED INVESTMENT LIMITED,DUI,Not Applic
DJERRIWARRH INVESTMENTS LIMITED,DJW,Not Applic
DOMACOM LIMITED,DCL,Diversified Financials
DOMAIN HOLDINGS AUSTRALIA LIMITED.,DHG,Media & Entertainment
DOMINO'S PIZZA ENTERPRISES LIMITED,DMP,Consumer Services
DONACO INTERNATIONAL LIMITED,DNA,Consumer Services
DONGFANG MODERN AGRICULTURE HOLDING GROUP LIMITED,DFM,"Food, Beverage & Tobacco"
DORIEMUS PLC,DOR,Energy
DORSAVI LTD,DVL,"Pharmaceuticals, Biotechnology & Life Sciences"
DOTZ NANO LIMITED,DTZ,Semiconductors & Semiconductor Equipment
DOWNER EDI LIMITED,DOW,Commercial & Professional Services
DRAGONTAIL SYSTEMS LIMITED,DTS,Software & Services
DREADNOUGHT RESOURCES LTD,DRE,Materials
DREAMSCAPE NETWORKS LIMITED,DN8,Software & Services
DRONESHIELD LIMITED,DRO,Capital Goods
DROPSUITE LIMITED,DSE,Software & Services
DUBBER CORPORATION LIMITED,DUB,Software & Services
DUKETON MINING LIMITED,DKM,Materials
DULUXGROUP LIMITED,DLX,Materials
DUXTON BROADACRE FARMS LIMITED,DBF,"Food, Beverage & Tobacco"
DUXTON WATER LIMITED,D2O,Not Applic
DWS LIMITED,DWS,Software & Services
E2 METALS LIMITED,E2M,Materials
EAGLE HEALTH HOLDINGS LIMITED,EHH,Household & Personal Products
EAGLE MOUNTAIN MINING LIMITED,EM2,Materials
EAST ENERGY RESOURCES LIMITED,EER,Energy
EBOS GROUP LIMITED,EBO,Health Care Equipment & Services
ECHO RESOURCES LIMITED,EAR,Materials
ECLIPSE METALS LIMITED.,EPM,Energy
ECLIPX GROUP LIMITED,ECX,Diversified Financials
ECOFIBRE LIMITED,EOF,"Pharmaceuticals, Biotechnology & Life Sciences"
EDEN INNOVATIONS LTD,EDE,Energy
EGAN STREET RESOURCES LIMITED,EGA,Materials
EHR RESOURCES LIMITED,EHX,Materials
EILDON CAPITAL LIMITED,EDC,Diversified Financials
ELANOR INVESTORS GROUP,ENN,Consumer Services
ELANOR RETAIL PROPERTY FUND,ERF,Real Estate
ELDERS LIMITED,ELD,"Food, Beverage & Tobacco"
ELECTRO OPTIC SYSTEMS HOLDINGS LIMITED,EOS,Capital Goods
ELEMENT 25 LIMITED,E25,Materials
ELIXINOL GLOBAL LIMITED,EXL,Household & Personal Products
ELIXIR ENERGY LIMITED,EXR,Energy
ELLERSTON ASIAN INVESTMENTS LIMITED,EAI,Not Applic
ELLERSTON GLOBAL INVESTMENTS LIMITED,EGI,Not Applic
ELLEX MEDICAL LASERS LIMITED,ELX,Health Care Equipment & Services
ELMO SOFTWARE LIMITED,ELO,Software & Services
ELSIGHT LIMITED,ELS,Technology Hardware & Equipment
EMECO HOLDINGS LIMITED,EHL,Capital Goods
EMERALD RESOURCES NL,EMR,Materials
EMERGE GAMING LIMITED,EM1,Media & Entertainment
EML PAYMENTS LIMITED,EML,Software & Services
EMMERSON RESOURCES LIMITED,ERM,Materials
EMPIRE ENERGY GROUP LIMITED,EEG,Energy
EMPIRE RESOURCES LIMITED,ERL,Materials
EMPIRED LTD,EPD,Software & Services
EMVISION MEDICAL DEVICES LTD,EMV,Health Care Equipment & Services
ENCOUNTER RESOURCES LIMITED,ENR,Materials
ENECO REFRESH LTD,ERG,"Food, Beverage & Tobacco"
ENERGY ACTION LIMITED,EAX,Commercial & Professional Services
ENERGY METALS LTD,EME,Energy
ENERGY ONE LIMITED,EOL,Software & Services
ENERGY RESOURCES OF AUSTRALIA LIMITED,ERA,Energy
ENERGY WORLD CORPORATION LTD,EWC,Utilities
ENERO GROUP LIMITED,EGG,Media & Entertainment
ENGAGE:BDR LIMITED,EN1,Media & Entertainment
ENGENCO LIMITED,EGN,Capital Goods
ENTERPRISE METALS LIMITED,ENT,Materials
ENVIROSUITE LIMITED,EVS,Software & Services
EON NRG LIMITED,E2E,Energy
EQT HOLDINGS LIMITED,EQT,Diversified Financials
EQUUS MINING LIMITED,EQE,Materials
ERM POWER LIMITED,EPW,Utilities
ESENSE-LAB LTD,ESE,"Pharmaceuticals, Biotechnology & Life Sciences"
ESERVGLOBAL LIMITED,ESV,Software & Services
ESTIA HEALTH LIMITED,EHE,Health Care Equipment & Services
ESTRELLA RESOURCES LIMITED,ESR,Materials
EUREKA GROUP HOLDINGS LIMITED,EGH,Real Estate
EURO MANGANESE INC,EMN,Materials
EUROPEAN COBALT LTD,EUC,Materials
EUROPEAN LITHIUM LIMITED,EUR,Materials
EUROPEAN METALS HOLDINGS LIMITED,EMH,Materials
EUROZ LIMITED,EZL,Diversified Financials
EVANS & PARTNERS ASIA FUND,EAF,Not Applic
EVANS & PARTNERS AUSTRALIAN FLAGSHIP FUND,EFF,Not Applic
EVANS & PARTNERS GLOBAL DISRUPTION FUND,EGD,Not Applic
EVANS & PARTNERS GLOBAL FLAGSHIP FUND,EGF,Not Applic
EVANS DIXON LIMITED,ED1,Diversified Financials
EVE INVESTMENTS LIMITED,EVE,Diversified Financials
EVENT HOSPITALITY AND ENTERTAINMENT LTD,EVT,Media & Entertainment
EVOLUTION MINING LIMITED,EVN,Materials
EVOLVE EDUCATION GROUP LIMITED,EVO,Consumer Services
EXOPHARM LIMITED,EX1,"Pharmaceuticals, Biotechnology & Life Sciences"
EXORE RESOURCES LTD,ERX,Materials
EXPERIENCE CO LIMITED,EXP,Consumer Services
FACTOR THERAPEUTICS LIMITED,FTT,"Pharmaceuticals, Biotechnology & Life Sciences"
FAMILY ZONE CYBER SAFETY LIMITED,FZO,Software & Services
FAR LIMITED,FAR,Energy
FARM PRIDE FOODS LIMITED,FRM,"Food, Beverage & Tobacco"
FAT PROPHETS GLOBAL CONTRARIAN FUND LTD,FPC,Not Applic
FATFISH BLOCKCHAIN LIMITED,FFG,Diversified Financials
FBR LTD,FBR,Capital Goods
FE LIMITED,FEL,Materials
FENIX RESOURCES LTD,FEX,Materials
FERTOZ LIMITED,FTZ,Materials
FIDUCIAN GROUP LIMITED,FID,Diversified Financials
FIN RESOURCES LIMITED,FIN,Materials
FINBAR GROUP LIMITED,FRI,Real Estate
FINTECH CHAIN LIMITED,FTC,Software & Services
FIRST COBALT CORP.,FCC,Materials
FIRST GRAPHENE LIMITED,FGR,Materials
FIRSTWAVE CLOUD TECHNOLOGY LIMITED,FCT,Software & Services
FISHER & PAYKEL HEALTHCARE CORPORATION LIMITED,FPH,Health Care Equipment & Services
FLAMINGO AI LIMITED,FGO,Software & Services
FLEETWOOD CORPORATION LIMITED,FWD,Consumer Durables & Apparel
FLETCHER BUILDING LIMITED,FBU,Materials
FLEXIGROUP LIMITED,FXL,Diversified Financials
FLEXIROAM LIMITED,FRX,Telecommunication Services
FLIGHT CENTRE TRAVEL GROUP LIMITED,FLT,Consumer Services
FLINDERS MINES LIMITED,FMS,Materials
FLUENCE CORPORATION LIMITED,FLC,Capital Goods
FOCUS MINERALS LTD,FML,Materials
FORAGER AUSTRALIAN SHARES FUND,FOR,Not Applic
FORCE COMMODITIES LIMITED,4CE,Materials
FORTESCUE METALS GROUP LTD,FMG,Materials
FREEDOM FOODS GROUP LIMITED,FNP,"Food, Beverage & Tobacco"
FREEDOM OIL AND GAS LTD,FDM,Energy
FREEHILL MINING LIMITED.,FHS,Materials
FREELANCER LIMITED,FLN,Commercial & Professional Services
FREMONT PETROLEUM CORPORATION LIMITED,FPL,Energy
FRONTIER DIGITAL VENTURES LIMITED,FDV,Media & Entertainment
FRONTIER RESOURCES LIMITED,FNT,Materials
FSA GROUP LIMITED,FSA,Diversified Financials
FUNTASTIC LIMITED,FUN,Retailing
FUTURE GENERATION GLOBAL INVESTMENT COMPANY LIMITED,FGG,Not Applic
FUTURE GENERATION INVESTMENT COMPANY LIMITED,FGX,Not Applic
G MEDICAL INNOVATIONS HOLDINGS LIMITED,GMV,Health Care Equipment & Services
G.U.D. HOLDINGS LIMITED,GUD,Automobiles & Components
G8 EDUCATION LIMITED,GEM,Consumer Services
GAGE ROADS BREWING CO LIMITED,GRB,"Food, Beverage & Tobacco"
GALAN LITHIUM LIMITED,GLN,Materials
GALAXY RESOURCES LIMITED,GXY,Materials
GALE PACIFIC LIMITED,GAP,Consumer Durables & Apparel
GALENA MINING LIMITED,G1A,Materials
GALILEE ENERGY LIMITED,GLL,Energy
GALILEO MINING LTD,GAL,Materials
GARDA DIVERSIFIED PROPERTY FUND,GDF,Real Estate
GAS2GRID LIMITED,GGX,Energy
GATEWAY MINING LIMITED,GML,Materials
GBST HOLDINGS LIMITED,GBT,Software & Services
GDI PROPERTY GROUP,GDI,Real Estate
GENERATION DEVELOPMENT GROUP LIMITED,GDG,Insurance
GENESIS ENERGY LIMITED,GNE,Utilities
GENESIS MINERALS LIMITED,GMD,Materials
GENETIC SIGNATURES LIMITED,GSS,"Pharmaceuticals, Biotechnology & Life Sciences"
GENETIC TECHNOLOGIES LIMITED,GTG,"Pharmaceuticals, Biotechnology & Life Sciences"
GENEX POWER LIMITED,GNX,Utilities
GENTRACK GROUP LIMITED,GTK,Software & Services
GENWORTH MORTGAGE INSURANCE AUSTRALIA LIMITED,GMA,Banks
GEOPACIFIC RESOURCES LTD,GPR,Materials
GETSWIFT LIMITED,GSW,Software & Services
GIBB RIVER DIAMONDS LIMITED,GIB,Materials
GINDALBIE METALS LTD,GBG,Materials
GLADIATOR RESOURCES LIMITED,GLA,Materials
GLENNON SMALL COMPANIES LIMITED,GC1,Not Applic
GLOBAL ENERGY VENTURES LIMITED,GEV,Energy
GLOBAL HEALTH LIMITED,GLH,Health Care Equipment & Services
GLOBAL MASTERS FUND LIMITED,GFL,Not Applic
GLOBAL PETROLEUM LIMITED,GBP,Energy
GLOBAL VALUE FUND LIMITED,GVF,Not Applic
GLOBAL VANADIUM LIMITED,GLV,Energy
GLOBE INTERNATIONAL LIMITED,GLB,Consumer Durables & Apparel
GLOBE METALS & MINING LIMITED,GBE,Materials
GME RESOURCES LIMITED,GME,Materials
GOLD MOUNTAIN LIMITED,GMN,Materials
GOLD ROAD RESOURCES LIMITED,GOR,Materials
GOLDEN MILE RESOURCES LTD,G88,Materials
GOLDEN STATE MINING LIMITED,GSM,Materials
GOODMAN GROUP,GMG,Real Estate
GOOROO VENTURES LIMITED,GOO,Software & Services
GPT GROUP,GPT,Real Estate
GR ENGINEERING SERVICES LIMITED,GNG,Materials
GRAINCORP LIMITED,GNC,"Food, Beverage & Tobacco"
GRAND GULF ENERGY LIMITED,GGE,Energy
GRANGE RESOURCES LIMITED.,GRR,Materials
GRAPHEX MINING LIMITED,GPX,Materials
GREAT WESTERN EXPLORATION LIMITED.,GTE,Materials
GREENLAND MINERALS LIMITED,GGG,Materials
GREENPOWER ENERGY LIMITED,GPP,Energy
GROWTHPOINT PROPERTIES AUSTRALIA,GOZ,Real Estate
GRYPHON CAPITAL INCOME TRUST,GCI,Not Applic
GTN LIMITED,GTN,Media & Entertainment
GULF MANGANESE CORPORATION LIMITED,GMC,Materials
GULLEWA LIMITED,GUL,Materials
GWA GROUP LIMITED.,GWA,Capital Goods
GWR GROUP LIMITED,GWR,Materials
HAMMER METALS LIMITED,HMX,Materials
HANNANS LTD,HNR,Materials
HANSEN TECHNOLOGIES LIMITED,HSN,Software & Services
HARRIS TECHNOLOGY GROUP LIMITED,HT8,Retailing
HARVEY NORMAN HOLDINGS LIMITED,HVN,Retailing
HASTINGS TECHNOLOGY METALS LTD,HAS,Materials
HAVILAH RESOURCES LIMITED,HAV,Materials
HAWKSTONE MINING LIMITED,HWK,Materials
HAWTHORN RESOURCES LIMITED,HAW,Materials
HAZER GROUP LIMITED,HZR,Materials
HEALIUS LIMITED,HLS,Health Care Equipment & Services
HEARTS AND MINDS INVESTMENTS LIMITED,HM1,Not Applic
HELIOS ENERGY LTD,HE8,Energy
HELIX RESOURCES LIMITED,HLX,Materials
HELLOWORLD TRAVEL LIMITED,HLO,Consumer Services
HERAMED LIMITED,HMD,Health Care Equipment & Services
HERON RESOURCES LIMITED,HRR,Materials
HEXAGON RESOURCES LIMITED,HXG,Materials
HGL LIMITED,HNG,Capital Goods
HHY FUND,HHY,Not Applic
HIGH PEAK ROYALTIES LIMITED,HPR,Energy
HIGHFIELD RESOURCES LIMITED,HFR,Materials
HILLS LIMITED,HIL,Technology Hardware & Equipment
HITECH GROUP AUSTRALIA LIMITED,HIT,Commercial & Professional Services
HOMESTAY CARE LIMITED,HSC,Software & Services
HORIZON OIL LIMITED,HZN,Energy
HOT CHILI LIMITED,HCH,Materials
HOTCOPPER HOLDINGS LIMITED,HOT,Media & Entertainment
HOTEL PROPERTY INVESTMENTS,HPI,Real Estate
HRL HOLDINGS LTD,HRL,Commercial & Professional Services
HT&E LIMITED,HT1,Media & Entertainment
HUB24 LIMITED,HUB,Diversified Financials
HUON AQUACULTURE GROUP LIMITED,HUO,"Food, Beverage & Tobacco"
HUTCHISON TELECOMMUNICATIONS (AUSTRALIA) LIMITED,HTA,Telecommunication Services
HYDRIX LIMITED,HYD,Technology Hardware & Equipment
HYLEA METALS LIMITED,HCO,Materials
ICANDY INTERACTIVE LIMITED,ICI,Media & Entertainment
ICAR ASIA LIMITED,ICQ,Media & Entertainment
ICOLLEGE LIMITED,ICT,Consumer Services
ICON ENERGY LIMITED,ICN,Energy
ICSGLOBAL LIMITED,ICS,Health Care Equipment & Services
IDENTITII LIMITED,ID8,Software & Services
IDP EDUCATION LIMITED,IEL,Consumer Services
IDT AUSTRALIA LIMITED,IDT,"Pharmaceuticals, Biotechnology & Life Sciences"
IGNITE LIMITED,IGN,Commercial & Professional Services
IKWEZI MINING LIMITED,IKW,Energy
ILUKA RESOURCES LIMITED,ILU,Materials
IMAGE RESOURCES NL,IMA,Materials
IMDEX LIMITED,IMD,Materials
IMEXHS LIMITED,IME,Software & Services
IMF BENTHAM LIMITED,IMF,Diversified Financials
IMMURON LIMITED,IMC,"Pharmaceuticals, Biotechnology & Life Sciences"
IMMUTEP LIMITED,IMM,"Pharmaceuticals, Biotechnology & Life Sciences"
IMPACT MINERALS LIMITED,IPT,Materials
IMPEDIMED LIMITED,IPD,Health Care Equipment & Services
IMPRESSION HEALTHCARE LIMITED,IHL,Health Care Equipment & Services
IMUGENE LIMITED,IMU,"Pharmaceuticals, Biotechnology & Life Sciences"
INCA MINERALS LIMITED,ICG,Materials
INCENTIAPAY LIMITED,INP,Retailing
INCITEC PIVOT LIMITED,IPL,Materials
INDEPENDENCE GROUP NL,IGO,Materials
INDIANA RESOURCES LIMITED,IDA,Materials
INFIGEN ENERGY,IFN,Utilities
INFOMEDIA LTD,IFM,Software & Services
INFRATIL LIMITED.,IFT,Utilities
INGENIA COMMUNITIES GROUP,INA,Real Estate
INGHAMS GROUP LIMITED,ING,"Food, Beverage & Tobacco"
INSURANCE AUSTRALIA GROUP LIMITED,IAG,Insurance
INTEGRAL DIAGNOSTICS LIMITED,IDX,Health Care Equipment & Services
INTEGRATED GREEN ENERGY SOLUTIONS LTD,IGE,Commercial & Professional Services
INTEGRATED PAYMENT TECHNOLOGIES LIMITED,IP1,Software & Services
INTEGRATED RESEARCH LIMITED,IRI,Software & Services
INTELLIHR HOLDINGS LIMITED,IHR,Software & Services
INTERMIN RESOURCES LIMITED,IRC,Materials
INTIGER GROUP LIMITED,IAM,Software & Services
INTREPID MINES LIMITED,IAU,Materials
INVESTEC AUSTRALIA PROPERTY FUND,IAP,Real Estate
INVESTIGATOR RESOURCES LTD,IVR,Materials
INVESTSMART GROUP LIMITED,INV,Diversified Financials
INVICTUS ENERGY LTD,IVZ,Energy
INVIGOR GROUP LIMITED,IVO,Media & Entertainment
INVION LIMITED,IVX,"Pharmaceuticals, Biotechnology & Life Sciences"
INVITROCUE LIMITED,IVQ,"Pharmaceuticals, Biotechnology & Life Sciences"
INVOCARE LIMITED,IVC,Consumer Services
IODM LIMITED,IOD,Software & Services
IONEER LTD,INR,Materials
IOOF HOLDINGS LIMITED,IFL,Diversified Financials
IPB PETROLEUM LIMITED,IPB,Energy
IPH LIMITED,IPH,Commercial & Professional Services
IRESS LIMITED,IRE,Software & Services
IRON ROAD LIMITED,IRD,Materials
IRONBARK CAPITAL LIMITED,IBC,Not Applic
IRONBARK ZINC LTD,IBG,Materials
ISELECT LIMITED.,ISU,Consumer Services
ISENTIA GROUP LIMITED,ISD,Software & Services
ISIGNTHIS LTD,ISX,Software & Services
IVE GROUP LIMITED,IGL,Media & Entertainment
IXUP LIMITED,IXU,Software & Services
JAMES HARDIE INDUSTRIES PLC,JHX,Materials
JANISON EDUCATION GROUP LIMITED,JAN,Software & Services
JANUS HENDERSON GROUP PLC,JHG,Diversified Financials
JAPARA HEALTHCARE LIMITED,JHC,Health Care Equipment & Services
JATENERGY LIMITED,JAT,Retailing
JAXSTA LTD,JXT,Software & Services
JAYEX HEALTHCARE LIMITED,JHL,Health Care Equipment & Services
JB HI-FI LIMITED,JBH,Retailing
JCURVE SOLUTIONS LTD,JCS,Software & Services
JERVOIS MINING LIMITED,JRV,Materials
JINDALEE RESOURCES LIMITED,JRL,Materials
JOHNS LYNG GROUP LIMITED,JLG,Capital Goods
JOYCE CORPORATION LTD,JYC,Retailing
JUMBO INTERACTIVE LIMITED,JIN,Consumer Services
JUPITER MINES LIMITED.,JMS,Materials
K2 ASSET MANAGEMENT HOLDINGS LTD,KAM,Diversified Financials
K2FLY LIMITED,K2F,Software & Services
KAIROS MINERALS LIMITED,KAI,Materials
KALAMAZOO RESOURCES LIMITED,KZR,Materials
KALIA LIMITED,KLH,Energy
KALINA POWER LIMITED,KPO,Utilities
KALIUM LAKES LIMITED,KLL,Materials
KALNORTH GOLD MINES LIMITED,KGM,Materials
KANGAROO ISLAND PLANTATION TIMBERS LTD,KPT,Materials
KAROON ENERGY LTD,KAR,Energy
KASBAH RESOURCES LIMITED,KAS,Materials
KATANA CAPITAL LIMITED,KAT,Not Applic
KATHMANDU HOLDINGS LIMITED,KMD,Retailing
KAZIA THERAPEUTICS LIMITED,KZA,"Pharmaceuticals, Biotechnology & Life Sciences"
KELLY PARTNERS GROUP HOLDINGS LIMITED,KPG,Commercial & Professional Services
KEYBRIDGE CAPITAL LIMITED,KBC,Diversified Financials
KEYTONE DAIRY CORPORATION LIMITED,KTD,"Food, Beverage & Tobacco"
KGL RESOURCES LIMITED,KGL,Materials
KIBARAN RESOURCES LIMITED,KNL,Materials
KIDMAN RESOURCES LIMITED,KDR,Materials
KIN MINING NL,KIN,Materials
KINA SECURITIES LIMITED,KSL,Diversified Financials
KING ISLAND SCHEELITE LIMITED,KIS,Materials
KING RIVER RESOURCES LIMITED,KRR,Materials
KINGSGATE CONSOLIDATED LIMITED.,KCN,Materials
KINGSLAND GLOBAL LTD,KLO,Real Estate
KINGSROSE MINING LIMITED,KRM,Materials
KINGSTON RESOURCES LIMITED,KSN,Materials
KIP MCGRATH EDUCATION CENTRES LIMITED,KME,Consumer Services
KIRKLAND LAKE GOLD LTD,KLA,Materials
KLEOS SPACE S.A,KSS,Commercial & Professional Services
KNEOMEDIA LIMITED,KNM,Media & Entertainment
KNOSYS LIMITED,KNO,Software & Services
KOGAN.COM LTD,KGN,Retailing
KOGI IRON LIMITED,KFE,Materials
KOLLAKORN CORPORATION LIMITED,KKL,Technology Hardware & Equipment
KONEKT LIMITED,KKT,Health Care Equipment & Services
KOPORE METALS LIMITED,KMT,Materials
KOPPAR RESOURCES LIMITED,KRX,Materials
KORE POTASH PLC,KP2,Materials
KORVEST LTD,KOV,Capital Goods
KYCKR LIMITED,KYK,Software & Services
L1 LONG SHORT FUND LIMITED,LSF,Not Applic
LAKE RESOURCES N.L.,LKE,Materials
LAKES OIL NL,LKO,Energy
LANDMARK WHITE LIMITED,LMW,Real Estate
LANEWAY RESOURCES LTD,LNY,Materials
LASERBOND LIMITED,LBL,Capital Goods
LATAM AUTOS LIMITED,LAA,Media & Entertainment
LATIN RESOURCES LIMITED,LRS,Materials
LAWFINANCE LIMITED,LAW,Diversified Financials
LEAF RESOURCES LTD,LER,Materials
LEGACY IRON ORE LIMITED,LCY,Materials
LEGEND CORPORATION LIMITED,LGD,Capital Goods
LEGEND MINING LIMITED,LEG,Materials
LEIGH CREEK ENERGY LIMITED,LCK,Energy
LENDLEASE GROUP,LLC,Real Estate
LEPIDICO LTD,LPD,Materials
LIFESPOT HEALTH LTD,LSH,Health Care Equipment & Services
LIFESTYLE COMMUNITIES LIMITED,LIC,Real Estate
LINDIAN RESOURCES LIMITED,LIN,Materials
LINDSAY AUSTRALIA LIMITED,LAU,Transportation
LINIUS TECHNOLOGIES LIMITED,LNU,Software & Services
LINK ADMINISTRATION HOLDINGS LIMITED,LNK,Software & Services
LION ONE METALS LIMITED,LLO,Materials
LION SELECTION GROUP LIMITED.,LSX,Not Applic
LIONTOWN RESOURCES LIMITED,LTR,Materials
LIQUEFIED NATURAL GAS LIMITED,LNG,Energy
LITHIUM AUSTRALIA NL,LIT,Materials
LITHIUM CONSOLIDATED LIMITED,LI3,Materials
LITHIUM POWER INTERNATIONAL LIMITED,LPI,Materials
LIVEHIRE LIMITED,LVH,Software & Services
LIVETILES LIMITED,LVT,Software & Services
LIVING CELL TECHNOLOGIES LIMITED,LCT,"Pharmaceuticals, Biotechnology & Life Sciences"
LOCALITY PLANNING ENERGY HOLDINGS LIMITED,LPE,Utilities
LODESTAR MINERALS LIMITED,LSR,Materials
LONGTABLE GROUP LIMITED,LON,"Food, Beverage & Tobacco"
LOVISA HOLDINGS LIMITED,LOV,Retailing
LOWELL RESOURCES FUND,LRT,Not Applic
LUCAPA DIAMOND COMPANY LIMITED,LOM,Materials
LYCOPODIUM LIMITED,LYL,Capital Goods
LYNAS CORPORATION LIMITED,LYC,Materials
MACA LIMITED,MLD,Materials
MACH7 TECHNOLOGIES LIMITED,M7T,Health Care Equipment & Services
MACMAHON HOLDINGS LIMITED,MAH,Materials
MACPHERSONS RESOURCES LIMITED,MRP,Materials
MACQUARIE GROUP LIMITED,MQG,Diversified Financials
MACQUARIE TELECOM GROUP LIMITED,MAQ,Telecommunication Services
MAGELLAN FINANCIAL GROUP LIMITED,MFG,Diversified Financials
MAGELLAN GLOBAL TRUST,MGG,Not Applic
MAGMATIC RESOURCES LIMITED,MAG,Materials
MAGNETITE MINES LIMITED.,MGT,Materials
MAGNIS ENERGY TECHNOLOGIES LTD,MNS,Materials
MAINSTREAM GROUP HOLDINGS LIMITED,MAI,Diversified Financials
MAKO GOLD LIMITED,MKG,Materials
MANAS RESOURCES LIMITED,MSR,Materials
MANHATTAN CORPORATION LIMITED,MHC,Energy
MARINDI METALS LIMITED,MZN,Materials
MARINER CORPORATION LIMITED,MCX,Diversified Financials
MARLEY SPOON AG,MMM,Consumer Services
MARMOTA LIMITED,MEU,Energy
MARQUEE RESOURCES LIMITED,MQR,Materials
MASTERMYNE GROUP LIMITED,MYE,Materials
MATADOR MINING LIMITED,MZZ,Materials
MATRIX COMPOSITES & ENGINEERING LIMITED,MCE,Energy
MATSA RESOURCES LIMITED,MAT,Materials
MAXIMUS RESOURCES LIMITED,MXR,Materials
MAXITRANS INDUSTRIES LIMITED,MXI,Capital Goods
MAYFIELD CHILDCARE LIMITED,MFD,Consumer Services
MAYNE PHARMA GROUP LIMITED,MYX,"Pharmaceuticals, Biotechnology & Life Sciences"
MAYUR RESOURCES LIMITED,MRL,Materials
MCGRATH LIMITED,MEA,Real Estate
MCMILLAN SHAKESPEARE LIMITED,MMS,Commercial & Professional Services
MCP INCOME OPPORTUNITIES TRUST,MOT,Not Applic
MCP MASTER INCOME TRUST,MXT,Not Applic
MCPHERSON'S LIMITED,MCP,Consumer Durables & Apparel
MCS SERVICES LIMITED,MSG,Commercial & Professional Services
MEDADVISOR LIMITED,MDR,Health Care Equipment & Services
MEDIBANK PRIVATE LIMITED,MPL,Insurance
MEDIBIO LIMITED,MEB,Health Care Equipment & Services
MEDICAL DEVELOPMENTS INTERNATIONAL LIMITED,MVP,"Pharmaceuticals, Biotechnology & Life Sciences"
MEDILAND PHARM LIMITED,MPH,Retailing
MEDLAB CLINICAL LIMITED,MDC,"Pharmaceuticals, Biotechnology & Life Sciences"
MEDUSA MINING LIMITED,MML,Materials
MEGAPORT LIMITED,MP1,Software & Services
MELBANA ENERGY LIMITED,MAY,Energy
MEMPHASYS LIMITED.,MEM,"Pharmaceuticals, Biotechnology & Life Sciences"
MERCURY NZ LIMITED,MCY,Utilities
MERIDIAN ENERGY LIMITED,MEZ,Utilities
MESOBLAST LIMITED,MSB,"Pharmaceuticals, Biotechnology & Life Sciences"
METAL BANK LIMITED,MBK,Materials
METALICITY LIMITED,MCT,Materials
METALLICA MINERALS LIMITED,MLM,Materials
METALS AUSTRALIA LTD,MLS,Materials
METALS X LIMITED,MLX,Materials
METALSEARCH LIMITED,MSE,Materials
METALSTECH LIMITED,MTC,Materials
METCASH LIMITED,MTS,Food & Staples Retailing
METEORIC RESOURCES NL,MEI,Materials
METMINCO LIMITED,MNC,Materials
METRO MINING LIMITED,MMI,Materials
METRO PERFORMANCE GLASS LIMITED,MPP,Capital Goods
MFF CAPITAL INVESTMENTS LIMITED,MFF,Not Applic
MG UNIT TRUST,MGC,Not Applic
MGM WIRELESS LIMITED,MWR,Media & Entertainment
MICHAEL HILL INTERNATIONAL LIMITED,MHJ,Retailing
MICRO-X LIMITED,MX1,Health Care Equipment & Services
MIDDLE ISLAND RESOURCES LIMITED,MDI,Materials
MIDWAY LIMITED,MWY,Materials
MILLENNIUM MINERALS LIMITED,MOY,Materials
MILLENNIUM SERVICES GROUP LIMITED,MIL,Commercial & Professional Services
MILTON CORPORATION LIMITED,MLT,Not Applic
MINCOR RESOURCES NL,MCR,Materials
MINDAX LIMITED,MDX,Materials
MINERAL COMMODITIES LTD,MRC,Materials
MINERAL RESOURCES LIMITED,MIN,Materials
MINOTAUR EXPLORATION LTD,MEP,Materials
MINT PAYMENTS LIMITED,MNW,Software & Services
MIRRABOOKA INVESTMENTS LIMITED,MIR,Not Applic
MIRVAC GROUP,MGR,Real Estate
MITCHELL SERVICES LIMITED,MSV,Materials
MITHRIL RESOURCES LIMITED,MTH,Materials
MMA OFFSHORE LIMITED,MRM,Energy
MMJ GROUP HOLDINGS LIMITED,MMJ,Not Applic
MNF GROUP LIMITED,MNF,Telecommunication Services
MOD RESOURCES LIMITED,MOD,Materials
MOELIS AUSTRALIA LIMITED,MOE,Diversified Financials
MONADELPHOUS GROUP LIMITED,MND,Capital Goods
MONASH ABSOLUTE INVESTMENT COMPANY LIMITED,MA1,Not Applic
MONASH IVF GROUP LIMITED,MVF,Health Care Equipment & Services
MONEY3 CORPORATION LIMITED,MNY,Diversified Financials
MONT ROYAL RESOURCES LIMITED,MRZ,Materials
MORETON RESOURCES LTD,MRV,Energy
MORPHIC ETHICAL EQUITIES FUND LIMITED,MEC,Diversified Financials
MORTGAGE CHOICE LIMITED,MOC,Banks
MOTORCYCLE HOLDINGS LIMITED,MTO,Retailing
MOUNT BURGESS MINING NL,MTB,Materials
MOUNT GIBSON IRON LIMITED,MGX,Materials
MOUNT RIDLEY MINES LIMITED,MRD,Materials
MRG METALS LIMITED,MRQ,Materials
MSL SOLUTIONS LIMITED,MPW,Software & Services
MURRAY COD AUSTRALIA LIMITED,MCA,"Food, Beverage & Tobacco"
MURRAY RIVER ORGANICS GROUP LIMITED,MRG,"Food, Beverage & Tobacco"
MUSGRAVE MINERALS LIMITED,MGV,Materials
MYANMAR METALS LIMITED,MYL,Materials
MYER HOLDINGS LIMITED,MYR,Retailing
MYSTATE LIMITED,MYS,Banks
NAGAMBIE RESOURCES LIMITED,NAG,Materials
NAMOI COTTON LIMITED,NAM,Commercial & Professional Services
NANOLLOSE LIMITED,NC6,"Pharmaceuticals, Biotechnology & Life Sciences"
NANOSONICS LIMITED,NAN,Health Care Equipment & Services
NANOVEU LIMITED,NVU,Technology Hardware & Equipment
NAOS SMALL CAP OPPORTUNITIES COMPANY LIMITED,NSC,Not Applic
NATIONAL AUSTRALIA BANK LIMITED,NAB,Banks
NATIONAL STORAGE REIT,NSR,Real Estate
NATIONAL TYRE & WHEEL LIMITED,NTD,Retailing
NATIONAL VETERINARY CARE LTD,NVL,Health Care Equipment & Services
NAVARRE MINERALS LIMITED,NML,Materials
NAVIGATOR GLOBAL INVESTMENTS LIMITED,NGI,Diversified Financials
NAVITAS LIMITED,NVT,Consumer Services
NB GLOBAL CORPORATE INCOME TRUST,NBI,Not Applic
NEARMAP LTD,NEA,Commercial & Professional Services
NELSON RESOURCES LIMITED.,NES,Materials
NEOMETALS LTD,NMT,Materials
NETCOMM WIRELESS LIMITED,NTC,Technology Hardware & Equipment
NETLINKZ LIMITED,NET,Software & Services
NETWEALTH GROUP LIMITED,NWL,Diversified Financials
NEUREN PHARMACEUTICALS LIMITED,NEU,"Pharmaceuticals, Biotechnology & Life Sciences"
NEUROTECH INTERNATIONAL LIMITED,NTI,Health Care Equipment & Services
NEW AGE EXPLORATION LIMITED,NAE,Energy
NEW CENTURY RESOURCES LIMITED,NCZ,Materials
NEW ENERGY MINERALS LTD,NXE,Materials
NEW ENERGY SOLAR,NEW,Utilities
NEW HOPE CORPORATION LIMITED,NHC,Energy
NEW WORLD COBALT LIMITED,NWC,Materials
NEWCREST MINING LIMITED,NCM,Materials
NEWFIELD RESOURCES LIMITED,NWF,Materials
NEWS CORPORATION..,NWS,Media & Entertainment
NEX METALS EXPLORATION LIMITED,NME,Materials
NEXT SCIENCE LIMITED,NXS,Health Care Equipment & Services
NEXTDC LIMITED,NXT,Software & Services
NEXUS MINERALS LIMITED,NXM,Materials
NGE CAPITAL LIMITED,NGE,Not Applic
NIB HOLDINGS LIMITED,NHF,Insurance
NICK SCALI LIMITED,NCK,Retailing
NINE ENTERTAINMENT CO. HOLDINGS LIMITED,NEC,Media & Entertainment
NONI B LIMITED,NBL,Retailing
NORTHERN COBALT LIMITED,N27,Materials
NORTHERN MINERALS LIMITED,NTU,Materials
NORTHERN STAR RESOURCES LTD,NST,Materials
NORWEST ENERGY NL,NWE,Energy
NORWEST MINERALS LIMITED,NWM,Materials
NORWOOD SYSTEMS LIMITED,NOR,Software & Services
NOVA MINERALS LIMITED,NVA,Materials
NOVITA HEALTHCARE LIMITED,NHL,Health Care Equipment & Services
NOVONIX LIMITED,NVX,Technology Hardware & Equipment
NOXOPHARM LIMITED,NOX,"Pharmaceuticals, Biotechnology & Life Sciences"
NUCOAL RESOURCES LIMITED,NCR,Materials
NUENERGY GAS LIMITED,NGY,Energy
NUFARM LIMITED,NUF,Materials
NUHEARA LIMITED,NUH,Technology Hardware & Equipment
NUSANTARA RESOURCES LIMITED,NUS,Materials
NVOI LTD,NVO,Media & Entertainment
NZME LIMITED,NZM,Media & Entertainment
NZURI COPPER LIMITED,NZC,Materials
OBJ LIMITED,OBJ,"Pharmaceuticals, Biotechnology & Life Sciences"
OBJECTIVE CORPORATION LIMITED,OCL,Software & Services
OCEAN GROWN ABALONE LIMITED,OGA,"Food, Beverage & Tobacco"
OCEANAGOLD CORPORATION,OGC,Materials
OCEANIA CAPITAL PARTNERS LIMITED,OCP,Diversified Financials
ODIN METALS LIMITED,ODM,Materials
OFX GROUP LIMITED,OFX,Diversified Financials
OIL SEARCH LIMITED,OSH,Energy
OKLO RESOURCES LIMITED,OKU,Materials
OLIVER'S REAL FOOD LIMITED,OLI,Consumer Services
OM HOLDINGS LIMITED,OMH,Materials
ONCOSIL MEDICAL LTD,OSL,"Pharmaceuticals, Biotechnology & Life Sciences"
ONEMARKET LIMITED,OMN,Software & Services
ONEVIEW HEALTHCARE PLC,ONE,Health Care Equipment & Services
ONEVUE HOLDINGS LIMITED,OVH,Diversified Financials
OOH!MEDIA LIMITED,OML,Media & Entertainment
OPENDNA LIMITED,OPN,Software & Services
OPHIR HIGH CONVICTION FUND,OPH,Not Applic
OPTHEA LIMITED,OPT,"Pharmaceuticals, Biotechnology & Life Sciences"
OPTISCAN IMAGING LIMITED,OIL,Health Care Equipment & Services
ORA GOLD LIMITED,OAU,Materials
ORBITAL CORPORATION LIMITED,OEC,Capital Goods
ORCODA LIMITED,ODA,Software & Services
ORICA LIMITED,ORI,Materials
ORIGIN ENERGY LIMITED,ORG,Energy
ORION MINERALS LTD,ORN,Materials
ORMINEX LTD,ONX,Materials
ORO VERDE LIMITED,OVL,Materials
OROCOBRE LIMITED,ORE,Materials
ORORA LIMITED,ORA,Materials
ORTHOCELL LIMITED,OCC,"Pharmaceuticals, Biotechnology & Life Sciences"
OSPREY MEDICAL INC,OSP,Health Care Equipment & Services
OTHERLEVELS HOLDINGS LIMITED,OLV,Software & Services
OTTO ENERGY LIMITED,OEL,Energy
OVATO LIMITED,OVT,Commercial & Professional Services
OVENTUS MEDICAL LIMITED,OVN,Health Care Equipment & Services
OVER THE WIRE HOLDINGS LIMITED,OTW,Software & Services
OZ MINERALS LIMITED,OZL,Materials
OZGROWTH LIMITED,OZG,Not Applic
P2P TRANSPORT LIMITED,P2P,Transportation
PACIFIC BAUXITE LIMITED,PBX,Materials
PACIFIC CURRENT GROUP LIMITED,PAC,Diversified Financials
PACIFIC ENERGY LIMITED,PEA,Utilities
PACIFIC SMILES GROUP LIMITED,PSQ,Health Care Equipment & Services
PACIFICO MINERALS LIMITED,PMY,Materials
PACT GROUP HOLDINGS LTD,PGH,Materials
PAINCHEK LTD,PCK,Health Care Equipment & Services
PALADIN ENERGY LTD,PDN,Energy
PANCONTINENTAL OIL & GAS NL,PCL,Energy
PANORAMIC RESOURCES LIMITED,PAN,Materials
PANTERRA GOLD LIMITED,PGI,Materials
PANTORO LIMITED,PNR,Materials
PAPYRUS AUSTRALIA LIMITED,PPY,Materials
PARADIGM BIOPHARMACEUTICALS LIMITED..,PAR,"Pharmaceuticals, Biotechnology & Life Sciences"
PARAGON CARE LIMITED,PGC,Health Care Equipment & Services
PARINGA RESOURCES LIMITED,PNL,Energy
PATRYS LIMITED,PAB,"Pharmaceuticals, Biotechnology & Life Sciences"
PAYGROUP LIMITED,PYG,Software & Services
PEAK RESOURCES LIMITED,PEK,Materials
PEARL GLOBAL LIMITED,PG1,Commercial & Professional Services
PEEL MINING LIMITED,PEX,Materials
PEET LIMITED,PPC,Real Estate
PENDAL GROUP LIMITED,PDL,Diversified Financials
PENGANA CAPITAL GROUP LIMITED,PCG,Diversified Financials
PENGANA INTERNATIONAL EQUITIES LIMITED,PIA,Not Applic
PENGANA PRIVATE EQUITY TRUST,PE1,Not Applic
PENINSULA ENERGY LIMITED,PEN,Energy
PENINSULA MINES LIMITED,PSM,Materials
PENTAL LIMITED,PTL,Household & Personal Products
PEOPLE INFRASTRUCTURE LTD,PPE,Commercial & Professional Services
PERPETUAL CREDIT INCOME TRUST,PCI,Not Applic
PERPETUAL EQUITY INVESTMENT COMPANY LIMITED,PIC,Not Applic
PERPETUAL LIMITED,PPT,Diversified Financials
PERPETUAL RESOURCES LIMITED,PEC,Materials
PERSEUS MINING LIMITED,PRU,Materials
PETRATHERM LTD,PTR,Materials
PETSEC ENERGY LIMITED,PSA,Energy
PHARMAUST LIMITED,PAA,"Pharmaceuticals, Biotechnology & Life Sciences"
PHARMAXIS LTD,PXS,"Pharmaceuticals, Biotechnology & Life Sciences"
PHOSLOCK ENVIRONMENTAL TECHNOLOGIES LIMITED,PET,Commercial & Professional Services
PIEDMONT LITHIUM LTD,PLL,Materials
PILBARA MINERALS LIMITED,PLS,Materials
PINNACLE INVESTMENT MANAGEMENT GROUP LIMITED,PNI,Diversified Financials
PIONEER CREDIT LIMITED,PNC,Diversified Financials
PIONEER RESOURCES LIMITED,PIO,Materials
PIVOTAL SYSTEMS CORPORATION,PVS,Semiconductors & Semiconductor Equipment
PLATINA RESOURCES LIMITED,PGM,Materials
PLATINUM ASIA INVESTMENTS LIMITED,PAI,Not Applic
PLATINUM ASSET MANAGEMENT LIMITED,PTM,Diversified Financials
PLATINUM CAPITAL LIMITED,PMC,Not Applic
PLATO INCOME MAXIMISER LIMITED.,PL8,Not Applic
PM CAPITAL ASIAN OPPORTUNITIES FUND LIMITED,PAF,Not Applic
PM CAPITAL GLOBAL OPPORTUNITIES FUND LIMITED,PGF,Not Applic
PNX METALS LIMITED,PNX,Materials
PO VALLEY ENERGY LIMITED,PVE,Energy
POINTERRA LIMITED,3DP,Software & Services
POLYNOVO LIMITED,PNV,Health Care Equipment & Services
POSEIDON NICKEL LIMITED,POS,Materials
POWERWRAP LIMITED,PWL,Diversified Financials
PPK GROUP LIMITED,PPK,Capital Goods
PRAEMIUM LIMITED,PPS,Software & Services
PREMIER INVESTMENTS LIMITED,PMV,Retailing
PRESCIENT THERAPEUTICS LIMITED,PTX,"Pharmaceuticals, Biotechnology & Life Sciences"
PRIME MEDIA GROUP LIMITED,PRT,Media & Entertainment
PRO MEDICUS LIMITED,PME,Health Care Equipment & Services
PRO-PAC PACKAGING LIMITED,PPG,Materials
PROBIOTEC LIMITED,PBP,"Pharmaceuticals, Biotechnology & Life Sciences"
PRODIGY GOLD NL,PRX,Materials
PROPEL FUNERAL PARTNERS LIMITED,PFP,Consumer Services
PROPHECY INTERNATIONAL HOLDINGS LIMITED,PRO,Software & Services
PROSPECT RESOURCES LIMITED,PSC,Materials
PROTEAN ENERGY LIMITED,POW,Capital Goods
PROTEOMICS INTERNATIONAL LABORATORIES LTD,PIQ,"Pharmaceuticals, Biotechnology & Life Sciences"
PS&C LIMITED,PSZ,Commercial & Professional Services
PTB GROUP LIMITED,PTB,Capital Goods
PURA VIDA ENERGY NL,PVD,Energy
PURE ALUMINA LIMITED,PUA,Materials
PURE MINERALS LIMITED,PM1,Materials
PURIFLOH LIMITED,PO3,Utilities
PURSUIT MINERALS LTD,PUR,Materials
PUSHPAY HOLDINGS LIMITED,PPH,Software & Services
PWR HOLDINGS LIMITED,PWH,Automobiles & Components
Q TECHNOLOGY GROUP LIMITED,QTG,Technology Hardware & Equipment
QANTAS AIRWAYS LIMITED,QAN,Transportation
QANTM INTELLECTUAL PROPERTY LIMITED,QIP,Commercial & Professional Services
QBE INSURANCE GROUP LIMITED,QBE,Insurance
QMS MEDIA LIMITED,QMS,Media & Entertainment
QUALITAS REAL ESTATE INCOME FUND,QRI,Not Applic
QUANTIFY TECHNOLOGY HOLDINGS LIMITED,QFY,Technology Hardware & Equipment
QUANTUM GRAPHITE LIMITED,QGL,Materials
QUANTUM HEALTH GROUP LIMITED,QTM,Health Care Equipment & Services
QUBE HOLDINGS LIMITED,QUB,Transportation
QUICKSTEP HOLDINGS LIMITED,QHL,Capital Goods
QV EQUITIES LIMITED,QVE,Not Applic
RACE ONCOLOGY LTD,RAC,"Pharmaceuticals, Biotechnology & Life Sciences"
RAFAELLA RESOURCES LTD.,RFR,Materials
RAIDEN RESOURCES LIMITED,RDN,Materials
RAIZ INVEST LIMITED,RZI,Diversified Financials
RAMELIUS RESOURCES LIMITED,RMS,Materials
RAMSAY HEALTH CARE LIMITED,RHC,Health Care Equipment & Services
RAND MINING LIMITED,RND,Materials
RBR GROUP LIMITED,RBR,Materials
REA GROUP LTD,REA,Media & Entertainment
READCLOUD LIMITED,RCL,Media & Entertainment
READYTECH HOLDINGS LIMITED,RDY,Software & Services
REAL ENERGY CORPORATION LIMITED,RLE,Energy
RECCE PHARMACEUTICALS LTD,RCE,"Pharmaceuticals, Biotechnology & Life Sciences"
RECKON LIMITED,RKN,Software & Services
RECTIFIER TECHNOLOGIES LTD,RFT,Capital Goods
RED 5 LIMITED,RED,Materials
RED EMPEROR RESOURCES NL,RMP,Energy
RED METAL LIMITED,RDM,Materials
RED RIVER RESOURCES LIMITED,RVR,Materials
RED SKY ENERGY LIMITED.,ROG,Energy
REDBUBBLE LIMITED,RBL,Retailing
REDCAPE HOTEL GROUP,RDC,Consumer Services
REDFLEX HOLDINGS LIMITED,RDF,Technology Hardware & Equipment
REDFLOW LIMITED,RFX,Capital Goods
REECE LIMITED,REH,Capital Goods
REEDY LAGOON CORPORATION LIMITED,RLC,Materials
REFFIND LIMITED,RFN,Software & Services
REGENEUS LTD,RGS,"Pharmaceuticals, Biotechnology & Life Sciences"
REGIONAL EXPRESS HOLDINGS LIMITED,REX,Transportation
REGIS HEALTHCARE LIMITED,REG,Health Care Equipment & Services
REGIS RESOURCES LIMITED,RRL,Materials
RELIANCE WORLDWIDE CORPORATION LIMITED,RWC,Capital Goods
RENASCOR RESOURCES LIMITED,RNU,Energy
RENT.COM.AU LIMITED,RNT,Media & Entertainment
RENU ENERGY LIMITED,RNE,Utilities
RESAPP HEALTH LIMITED,RAP,Health Care Equipment & Services
RESIMAC GROUP LTD,RMC,Banks
RESMED INC,RMD,Health Care Equipment & Services
RESOLUTE MINING LIMITED,RSG,Materials
RESONANCE HEALTH LIMITED,RHT,Health Care Equipment & Services
RESOURCE GENERATION LIMITED,RES,Energy
RESOURCE MINING CORPORATION LIMITED,RMI,Materials
RESPIRI LIMITED,RSH,Health Care Equipment & Services
RETAIL FOOD GROUP LIMITED,RFG,Consumer Services
REVASUM INC.,RVS,Semiconductors & Semiconductor Equipment
REWARDLE HOLDINGS LIMITED,RXH,Media & Entertainment
REX MINERALS LIMITED,RXM,Materials
REY RESOURCES LIMITED,REY,Energy
RHINOMED LIMITED,RNO,"Pharmaceuticals, Biotechnology & Life Sciences"
RHIPE LIMITED,RHP,Software & Services
RHYTHM BIOSCIENCES LIMITED,RHY,Health Care Equipment & Services
RIDLEY CORPORATION LIMITED,RIC,"Food, Beverage & Tobacco"
RIMFIRE PACIFIC MINING NL,RIM,Materials
RIO TINTO LIMITED,RIO,Materials
RMA GLOBAL LIMITED,RMY,Media & Entertainment
ROOTS SUSTAINABLE AGRICULTURAL TECHNOLOGIES LTD,ROO,Capital Goods
ROTO-GRO INTERNATIONAL LIMITED,RGI,Capital Goods
ROX RESOURCES LIMITED,RXL,Materials
RPMGLOBAL HOLDINGS LIMITED,RUL,Software & Services
RUMBLE RESOURCES LIMITED,RTR,Materials
RURAL FUNDS GROUP,RFF,Real Estate
RURALCO HOLDINGS LIMITED,RHL,Retailing
RXP SERVICES LIMITED,RXP,Software & Services
RYDER CAPITAL LIMITED,RYD,Not Applic
S2 RESOURCES LTD,S2R,Materials
SABRE RESOURCES LIMITED,SBR,Materials
SAFEROADS HOLDINGS LIMITED,SRH,Technology Hardware & Equipment
SALMAT LIMITED,SLM,Media & Entertainment
SALT LAKE POTASH LIMITED,SO4,Materials
SANDFIRE RESOURCES NL,SFR,Materials
SANTA FE MINERALS LTD,SFM,Materials
SANTANA MINERALS LIMITED,SMI,Materials
SANTOS LIMITED,STO,Energy
SARACEN MINERAL HOLDINGS LIMITED,SAR,Materials
SAUNDERS INTERNATIONAL LIMITED,SND,Capital Goods
SAYONA MINING LIMITED,SYA,Materials
SCANDIVANADIUM LTD,SVD,Materials
SCENTRE GROUP,SCG,Real Estate
SCHAFFER CORPORATION LIMITED,SFC,Automobiles & Components
SCHROLE GROUP LTD,SCL,Software & Services
SCOUT SECURITY LIMITED,SCT,Consumer Services
SDI LIMITED,SDI,Health Care Equipment & Services
SEAFARMS GROUP LIMITED,SFG,"Food, Beverage & Tobacco"
SEALINK TRAVEL GROUP LIMITED,SLK,Consumer Services
SECOS GROUP LTD,SES,Materials
SECURITY MATTERS LIMITED,SMX,Software & Services
SEEK LIMITED,SEK,Commercial & Professional Services
SELECT HARVESTS LIMITED,SHV,"Food, Beverage & Tobacco"
SENETAS CORPORATION LIMITED,SEN,Technology Hardware & Equipment
SENEX ENERGY LIMITED,SXY,Energy
SENSEN NETWORKS LIMITED,SNS,Software & Services
SENSERA LIMITED,SE1,Semiconductors & Semiconductor Equipment
SEQUOIA FINANCIAL GROUP LTD,SEQ,Diversified Financials
SERKO LIMITED,SKO,Software & Services
SERVCORP LIMITED,SRV,Real Estate
SERVICE STREAM LIMITED,SSM,Capital Goods
SEVEN GROUP HOLDINGS LIMITED,SVW,Capital Goods
SEVEN WEST MEDIA LIMITED,SWM,Media & Entertainment
SG FLEET GROUP LIMITED,SGF,Commercial & Professional Services
SHAREROOT LTD,SRO,Software & Services
SHAVER SHOP GROUP LIMITED,SSG,Retailing
SHEFFIELD RESOURCES LIMITED,SFX,Materials
SHEKEL BRAINWEIGH LTD,SBW,Class Pend
SHINE CORPORATE LTD,SHJ,Consumer Services
SHOPPING CENTRES AUSTRALASIA PROPERTY GROUP,SCP,Real Estate
SHRIRO HOLDINGS LIMITED,SHM,Consumer Durables & Apparel
SIENNA CANCER DIAGNOSTICS LIMITED,SDX,"Pharmaceuticals, Biotechnology & Life Sciences"
SIGMA HEALTHCARE LIMITED,SIG,Health Care Equipment & Services
SILEX SYSTEMS LIMITED,SLX,Semiconductors & Semiconductor Equipment
SILVER CHEF LIMITED,SIV,Capital Goods
SILVER LAKE RESOURCES LIMITED,SLR,Materials
SILVER MINES LIMITED,SVL,Materials
SIMBLE SOLUTIONS LIMITED,SIS,Software & Services
SIMONDS GROUP LIMITED,SIO,Consumer Durables & Apparel
SIMS METAL MANAGEMENT LIMITED,SGM,Materials
SIPA RESOURCES LIMITED,SRI,Materials
SIX SIGMA METALS LIMITED,SI6,Materials
SKIN ELEMENTS LIMITED,SKN,Household & Personal Products
SKY NETWORK TELEVISION LIMITED.,SKT,Media & Entertainment
SKYCITY ENTERTAINMENT GROUP LIMITED,SKC,Consumer Services
SKYFII LTD,SKF,Software & Services
SLATER & GORDON LIMITED,SGH,Consumer Services
SMART PARKING LIMITED,SPZ,Technology Hardware & Equipment
SMARTGROUP CORPORATION LTD,SIQ,Commercial & Professional Services
SMILES INCLUSIVE LIMITED,SIL,Health Care Equipment & Services
SOMNOMED LIMITED,SOM,Health Care Equipment & Services
SONIC HEALTHCARE LIMITED,SHL,Health Care Equipment & Services
SOUTH32 LIMITED,S32,Materials
SOUTHERN CROSS ELECTRICAL ENGINEERING LTD,SXE,Capital Goods
SOUTHERN CROSS MEDIA GROUP LIMITED,SXL,Media & Entertainment
SOVEREIGN METALS LIMITED,SVM,Materials
SPARK INFRASTRUCTURE GROUP,SKI,Utilities
SPARK NEW ZEALAND LIMITED,SPK,Telecommunication Services
SPDR S&P/ASX 200 FUND,STW,Not Applic
SPDR S&P/ASX 200 LISTED PROPERTY FUND,SLF,Not Applic
SPDR S&P/ASX 50 FUND,SFY,Not Applic
SPECIALITY METALS INTERNATIONAL LIMITED,SEI,Materials
SPECTRUM METALS LIMITED,SPX,Materials
SPECTUR LIMITED,SP3,Technology Hardware & Equipment
SPEEDCAST INTERNATIONAL LIMITED,SDA,Telecommunication Services
SPHERIA EMERGING COMPANIES LIMITED,SEC,Not Applic
SPICERS LIMITED,SRS,Capital Goods
SPIRIT TELECOM LIMITED,ST1,Telecommunication Services
SPLITIT PAYMENTS LTD,SPT,Software & Services
SPORTSHERO LIMITED,SHO,Media & Entertainment
SPOTLESS GROUP HOLDINGS LIMITED,SPO,Commercial & Professional Services
SRG GLOBAL LIMITED,SRG,Capital Goods
ST BARBARA LIMITED,SBM,Materials
ST GEORGE MINING LIMITED,SGQ,Materials
STANMORE COAL LIMITED,SMR,Energy
STAR COMBO PHARMA LIMITED,S66,Household & Personal Products
STARPHARMA HOLDINGS LIMITED,SPL,"Pharmaceuticals, Biotechnology & Life Sciences"
STATE GAS LIMITED,GAS,Energy
STAVELY MINERALS LIMITED,SVY,Materials
STEADFAST GROUP LIMITED,SDF,Insurance
STELLAR RESOURCES LIMITED,SRZ,Materials
STEMCELL UNITED LIMITED,SCU,"Pharmaceuticals, Biotechnology & Life Sciences"
STOCKLAND,SGP,Real Estate
STORY-I LIMITED,SRY,Retailing
STRAKER TRANSLATIONS LIMITED,STG,Media & Entertainment
STRANDLINE RESOURCES LIMITED,STA,Materials
STRATEGIC ELEMENTS LIMITED,SOR,Diversified Financials
STRATEGIC ENERGY RESOURCES LIMITED,SER,Materials
STRIKE ENERGY LIMITED,STX,Energy
STRIKE RESOURCES LIMITED,SRK,Materials
STRUCTURAL MONITORING SYSTEMS PLC,SMN,Technology Hardware & Equipment
SUDA PHARMACEUTICALS LTD,SUD,"Pharmaceuticals, Biotechnology & Life Sciences"
SULTAN RESOURCES LTD,SLZ,Materials
SUN RESOURCES NL,SUR,Energy
SUNCORP GROUP LIMITED,SUN,Insurance
SUNDANCE ENERGY AUSTRALIA LIMITED,SEA,Energy
SUNLAND GROUP LIMITED,SDG,Real Estate
SUNSTONE METALS LTD,STM,Materials
SUPER RETAIL GROUP LIMITED,SUL,Retailing
SUPERIOR LAKE RESOURCES LIMITED,SUP,Materials
SUPERIOR RESOURCES LIMITED,SPQ,Materials
SUPERLOOP LIMITED,SLC,Telecommunication Services
SUPPLY NETWORK LIMITED,SNL,Retailing
SWICK MINING SERVICES LTD,SWK,Materials
SWIFT MEDIA LIMITED,SW1,Media & Entertainment
SYDNEY AIRPORT,SYD,Transportation
SYNLAIT MILK LIMITED,SM1,"Food, Beverage & Tobacco"
SYNTONIC LIMITED,SYT,Software & Services
SYRAH RESOURCES LIMITED,SYR,Materials
TABCORP HOLDINGS LIMITED,TAH,Consumer Services
TALGA RESOURCES LTD,TLG,Materials
TALISMAN MINING LIMITED,TLM,Materials
TALON PETROLEUM LIMITED,TPD,Energy
TAMAWOOD LIMITED,TWD,Consumer Durables & Apparel
TANAMI GOLD NL,TAM,Materials
TANDO RESOURCES LIMITED,TNO,Materials
TANGA RESOURCES LIMITED,TRL,Materials
TAP OIL LIMITED,TAP,Energy
TASFOODS LIMITED,TFL,"Food, Beverage & Tobacco"
TASMAN RESOURCES LTD,TAS,Materials
TASSAL GROUP LIMITED,TGR,"Food, Beverage & Tobacco"
TBG DIAGNOSTICS LIMITED,TDL,"Pharmaceuticals, Biotechnology & Life Sciences"
TEAMINVEST PRIVATE GROUP LIMITED,TIP,Diversified Financials
TECHNOLOGY METALS AUSTRALIA LIMITED,TMT,Materials
TECHNOLOGY ONE LIMITED,TNE,Software & Services
TELIX PHARMACEUTICALS LIMITED,TLX,"Pharmaceuticals, Biotechnology & Life Sciences"
TELSTRA CORPORATION LIMITED.,TLS,Telecommunication Services
TEMPLE & WEBSTER GROUP LTD,TPW,Retailing
TEMPLETON GLOBAL GROWTH FUND LIMITED,TGG,Not Applic
TEMPUS RESOURCES LTD,TMR,Materials
TERRACOM LIMITED,TER,Energy
TERRAMIN AUSTRALIA LIMITED.,TZN,Materials
THC GLOBAL GROUP LIMITED,THC,"Pharmaceuticals, Biotechnology & Life Sciences"
THE A2 MILK COMPANY LIMITED,A2M,"Food, Beverage & Tobacco"
THE AGENCY GROUP AUSTRALIA LTD,AU1,Real Estate
THE BETMAKERS HOLDINGS LTD,TBH,Consumer Services
THE CITADEL GROUP LIMITED,CGL,Software & Services
THE DATA EXCHANGE NETWORK LIMITED,DXN,Software & Services
THE FOOD REVOLUTION GROUP LIMITED,FOD,"Food, Beverage & Tobacco"
THE PAS GROUP LIMITED,PGR,Retailing
THE REJECT SHOP LIMITED,TRS,Retailing
THE STAR ENTERTAINMENT GROUP LIMITED,SGR,Consumer Services
THETA GOLD MINES LIMITED,TGM,Materials
THINK CHILDCARE LIMITED,TNK,Consumer Services
THOR MINING PLC,THR,Materials
THORN GROUP LIMITED,TGA,Retailing
THORNEY OPPORTUNITIES LTD,TOP,Not Applic
THORNEY TECHNOLOGIES LTD,TEK,Not Applic
TIAN AN AUSTRALIA LIMITED,TIA,Real Estate
TIETTO MINERALS LIMITED,TIE,Materials
TIGERS REALM COAL LIMITED,TIG,Materials
TINYBEANS GROUP LTD,TNY,Media & Entertainment
TITANIUM SANDS LIMITED,TSL,Materials
TITOMIC LIMITED,TTT,Materials
TLOU ENERGY LIMITED,TOU,Energy
TNG LIMITED,TNG,Materials
TNT MINES LIMITED,TIN,Materials
TODD RIVER RESOURCES LIMITED,TRT,Materials
TOMIZONE LIMITED,TOM,Telecommunication Services
TORO ENERGY LIMITED,TOE,Energy
TOTAL BRAIN LIMITED,TTB,Health Care Equipment & Services
TPC CONSOLIDATED LIMITED,TPC,Utilities
TPG TELECOM LIMITED,TPM,Telecommunication Services
TPI ENTERPRISES LIMITED,TPE,"Pharmaceuticals, Biotechnology & Life Sciences"
TRAFFIC TECHNOLOGIES LTD.,TTI,Transportation
TRAKA RESOURCES LIMITED,TKL,Materials
TRANSACTION SOLUTIONS INTERNATIONAL LIMITED,TSN,Software & Services
TRANSCENDENCE TECHNOLOGIES LIMITED,TTL,Software & Services
TRANSURBAN GROUP,TCL,Transportation
TREASURY WINE ESTATES LIMITED,TWE,"Food, Beverage & Tobacco"
TREK METALS LIMITED,TKM,Materials
TRIANGLE ENERGY (GLOBAL) LIMITED,TEG,Energy
TRIBECA GLOBAL NATURAL RESOURCES LIMITED,TGF,Not Applic
TRIBUNE RESOURCES LIMITED,TBR,Materials
TRIMANTIUM GROWTHOPS LIMITED,TGO,Software & Services
TRITON MINERALS LTD,TON,Materials
TROY RESOURCES LIMITED,TRY,Materials
TUNGSTEN MINING NL,TGN,Materials
TV2U INTERNATIONAL LIMITED,TV2,Software & Services
TWENTY SEVEN CO. LIMITED,TSC,Energy
TYMLEZ GROUP LIMITED,TYM,Software & Services
TZ LIMITED,TZL,Technology Hardware & Equipment
UCW LIMITED,UCW,Consumer Services
ULTRACHARGE LIMITED,UTR,Capital Goods
UNIBAIL-RODAMCO-WESTFIELD,URW,Real Estate
UNITED OVERSEAS AUSTRALIA LIMITED,UOS,Real Estate
UNITI WIRELESS LIMITED,UWL,Telecommunication Services
UNIVERSAL BIOSENSORS INC.,UBI,Health Care Equipment & Services
UNIVERSAL COAL PLC,UNV,Energy
URB INVESTMENTS LIMITED,URB,Not Applic
URBANISE.COM LIMITED,UBN,Software & Services
US MASTERS RESIDENTIAL PROPERTY FUND,URF,Real Estate
USCOM LIMITED,UCM,Health Care Equipment & Services
UUV AQUABOTIX LTD,UUV,Capital Goods
VALMEC LIMITED,VMX,Energy
VALOR RESOURCES LIMITED,VAL,Materials
VANGO MINING LIMITED,VAN,Materials
VARISCAN MINES LIMITED,VAR,Materials
VAULT INTELLIGENCE LIMITED,VLT,Software & Services
VDM GROUP LIMITED,VMG,Capital Goods
VECTUS BIOSYSTEMS LIMITED,VBS,"Pharmaceuticals, Biotechnology & Life Sciences"
VEEM LTD,VEE,Capital Goods
VENTURE MINERALS LIMITED,VMS,Materials
VENTUREX RESOURCES LIMITED,VXR,Materials
VENUS METALS CORPORATION LIMITED,VMC,Materials
VERDANT MINERALS LTD,VRM,Materials
VGI PARTNERS GLOBAL INVESTMENTS LIMITED,VG1,Not Applic
VICINITY CENTRES,VCX,Real Estate
VICTORY MINES LIMITED,VIC,Materials
VILLA WORLD LIMITED.,VLW,Real Estate
VILLAGE ROADSHOW LIMITED,VRL,Media & Entertainment
VIMY RESOURCES LIMITED,VMY,Energy
VINTAGE ENERGY LTD,VEN,Energy
VIRGIN AUSTRALIA HOLDINGS LIMITED,VAH,Transportation
VIRTUS HEALTH LIMITED,VRT,Health Care Equipment & Services
"VISIONEERING TECHNOLOGIES, INC.",VTI,Health Care Equipment & Services
VISTA GROUP INTERNATIONAL LIMITED.,VGL,Software & Services
VITA GROUP LIMITED,VTG,Retailing
VITAL METALS LIMITED,VML,Materials
VITALHARVEST FREEHOLD TRUST,VTH,Real Estate
VIVA ENERGY GROUP LIMITED,VEA,Energy
VIVA ENERGY REIT,VVR,Real Estate
VMOTO LIMITED,VMT,Automobiles & Components
VOCUS GROUP LIMITED,VOC,Telecommunication Services
VOLT RESOURCES LIMITED,VRC,Materials
VONEX LIMITED..,VN8,Telecommunication Services
VRX SILICA LIMITED,VRX,Materials
WAGNERS HOLDING COMPANY LIMITED,WGN,Materials
WALKABOUT RESOURCES LTD,WKT,Materials
WAM ACTIVE LIMITED,WAA,Not Applic
WAM CAPITAL LIMITED,WAM,Not Applic
WAM GLOBAL LIMITED,WGB,Not Applic
WAM LEADERS LIMITED,WLE,Not Applic
WAM MICROCAP LIMITED,WMI,Not Applic
WAM RESEARCH LIMITED,WAX,Not Applic
WARREGO ENERGY LIMITED,WGO,Energy
WASHINGTON H SOUL PATTINSON & COMPANY LIMITED,SOL,Energy
WATTLE HEALTH AUSTRALIA LIMITED,WHA,"Food, Beverage & Tobacco"
WCM GLOBAL GROWTH LIMITED,WQG,Not Applic
WEBJET LIMITED,WEB,Retailing
WEBSTER LIMITED,WBA,"Food, Beverage & Tobacco"
WEEBIT NANO LTD,WBT,Technology Hardware & Equipment
WELLARD LIMITED,WLD,"Food, Beverage & Tobacco"
WELLCOM GROUP LIMITED,WLL,Commercial & Professional Services
WELLNESS AND BEAUTY SOLUTIONS LIMITED,WNB,Consumer Services
WESFARMERS LIMITED,WES,Retailing
WEST AFRICAN RESOURCES LIMITED,WAF,Materials
WEST WITS MINING LIMITED,WWI,Materials
WESTERN AREAS LIMITED,WSA,Materials
WESTGOLD RESOURCES LIMITED.,WGX,Materials
WESTOZ INVESTMENT COMPANY LIMITED,WIC,Not Applic
WESTPAC BANKING CORPORATION,WBC,Banks
WESTSTAR INDUSTRIAL LIMITED,WSI,Materials
WHITE CLIFF MINERALS LIMITED,WCN,Materials
WHITE ENERGY COMPANY LIMITED,WEC,Energy
WHITE ROCK MINERALS LIMITED,WRM,Materials
WHITEBARK ENERGY LTD,WBE,Energy
WHITEFIELD LIMITED,WHF,Not Applic
WHITEHAVEN COAL LIMITED,WHC,Energy
WHITEHAWK LIMITED,WHK,Retailing
WIDE OPEN AGRICULTURE LTD,WOA,"Food, Beverage & Tobacco"
WINCHESTER ENERGY LTD,WEL,Energy
WINGARA AG LTD,WNR,"Food, Beverage & Tobacco"
WISETECH GLOBAL LIMITED,WTC,Software & Services
WISEWAY GROUP LIMITED,WWG,Transportation
WISR LIMITED,WZR,Diversified Financials
WONHE MULTIMEDIA COMMERCE LTD,WMC,Technology Hardware & Equipment
WOODSIDE PETROLEUM LTD,WPL,Energy
WOOLWORTHS GROUP LIMITED,WOW,Food & Staples Retailing
WOOMERA MINING LIMITED,WML,Materials
WORLEYPARSONS LIMITED,WOR,Energy
WPP AUNZ LTD,WPP,Media & Entertainment
XANADU MINES LTD,XAM,Materials
XENITH IP GROUP LIMITED,XIP,Commercial & Professional Services
XERO LIMITED,XRO,Software & Services
XPED LIMITED,XPE,Software & Services
XPLORE WEALTH LIMITED,XPL,Diversified Financials
XREF LIMITED,XF1,Software & Services
XRF SCIENTIFIC LIMITED,XRF,Capital Goods
XTD LTD,XTD,Media & Entertainment
XTEK LIMITED.,XTE,Capital Goods
YANCOAL AUSTRALIA LIMITED,YAL,Energy
YANDAL RESOURCES LIMITED,YRL,Materials
YELLOW BRICK ROAD HOLDINGS LIMITED,YBR,Banks
YOJEE LIMITED,YOJ,Software & Services
YOWIE GROUP LTD,YOW,"Food, Beverage & Tobacco"
YPB GROUP LTD,YPB,Commercial & Professional Services
Z ENERGY LIMITED.,ZEL,Energy
ZELDA THERAPEUTICS LIMITED,ZLD,"Pharmaceuticals, Biotechnology & Life Sciences"
ZENITH ENERGY LIMITED,ZEN,Utilities
ZETA RESOURCES LIMITED,ZER,Not Applic
ZINC OF IRELAND NL,ZMI,Materials
ZIP CO LIMITED.,Z1P,Diversified Financials
ZIPTEL LIMITED,ZIP,Telecommunication Services
ZOONO GROUP LIMITED,ZNO,Materials
